Matricules;Noms;Prénoms;Services
001-AM;André;Monique;comptabilité
002-AC;Arnaud;Christian;technique
003-AM;Aubert;Marie;informatique
004-BG;Barbier;Georges;fabrication
005-BM;Benoit;Madeleine;direction
006-BJ;Bernard;Jacqueline;comptabilité
007-BR;Bertrand;Roger;juridique
008-BD;Blanc;Denise;commercial
009-BP;Blanchard;Philippe;informatique
010-BN;Bonnet;Nathalie;commercial
011-BC;Bourgeois;Catherine;commercial
012-BC;Boyer;Christiane;informatique
013-BA;Brun;Alain;commercial
014-BP;Brunet;Philippe;technique
015-CD;Caron;Denise;RH
016-CR;Chevalier;Roger;juridique
017-CG;Clement;Georges;fabrication
018-CS;Colin;Sylvie;méthodes
019-DN;David;Nicole;direction
020-DM;Denis;Michel;commercial
021-DP;Dubois;Pierre;informatique
022-DJ;Dufour;Jacques;juridique
023-DC;Dumas;Christian;technique
024-DF;Dumont;Françoise;comptabilité
025-DC;Dupont;Christiane;méthodes
026-DC;Dupuy;Catherine;RH
027-DB;Durand;Bernard;RH
028-DR;Duval;René;méthodes
029-FH;Fabre;Henri;informatique
030-FA;Faure;André;RH
031-FF;Fontaine;Françoise;méthodes
032-FB;Fournier;Bernard;juridique
033-FC;Francois;Christiane;méthodes
034-GJ;Gaillard;Jean;fabrication
035-GM;Garcia;Michel;méthodes
036-GM;Garnier;Marguerite;direction
037-GN;Gauthier;Nicolas;RH
038-GM;Gautier;Michel;direction
039-GM;Gerard;Martine;méthodes
040-GR;Girard;Roger;RH
041-GC;Giraud;Christine;commercial
042-GN;Guerin;Nathalie;direction
043-GM;Guillaume;Michel;comptabilité
044-GC;Guillot;Christiane;méthodes
045-HL;Henry;Louis;juridique
046-HG;Hubert;Georges;technique
047-JL;Jean;Louise;informatique
048-JJ;Joly;Jean;méthodes
049-LC;Lacroix;Christine;commercial
050-LC;Lambert;Claude;fabrication
051-LM;Laurent;Monique;méthodes
052-LA;Leclerc;André;commercial
053-LJ;Leclercq;Jean;fabrication
054-LM;Lecomte;Michel;juridique
055-LR;Lefevre;Roger;méthodes
056-LC;Lefèvre;Christine;RH
057-LJ;Legrand;Jacques;direction
058-LD;Lemaire;Daniel;fabrication
059-LF;Lemoine;Françoise;fabrication
060-LR;Leroux;René;méthodes
061-LN;Leroy;Nicole;fabrication
062-LA;Lopez;Anne;méthodes
063-LJ;Lucas;Jacqueline;méthodes
064-MG;Marchand;Georges;juridique
065-MM;Marie;Marie;fabrication
066-MM;Martin;Marcel;RH
067-MH;Martinez;Hélène;comptabilité
068-MD;Masson;Denise;juridique
069-MC;Mathieu;Christine;fabrication
070-MD;Mercier;Daniel;méthodes
071-MF;Meunier;Françoise;méthodes
072-ML;Meyer;Louise;technique
073-MM;Michel;Madeleine;juridique
074-MF;Moreau;Françoise;direction
075-MH;Morel;Hélène;fabrication
076-MM;Morin;Madeleine;méthodes
077-MS;Muller;Sylvie;informatique
078-NH;Nicolas;Henri;RH
079-NN;Noel;Nicolas;direction
080-OC;Olivier;Claude;commercial
081-PP;Payet;Pierre;méthodes
082-PA;Perrin;André;commercial
083-PR;Petit;Robert;comptabilité
084-PD;Philippe;Daniel;commercial
085-PM;Picard;Martine;méthodes
086-PH;Pierre;Henri;méthodes
087-RC;Renard;Claude;informatique
088-RC;Renaud;Claude;commercial
089-RJ;Rey;Jacques;RH
090-RJ;Richard;Jacques;direction
091-RL;Riviere;Louise;commercial
092-RP;Robert;Paul;juridique
093-RP;Robin;Pierre;commercial
094-RC;Roche;Catherine;juridique
095-RL;Roger;Louis;RH
096-RA;Rolland;André;RH
097-RM;Rousseau;Madeleine;informatique
098-RM;Roussel;Monique;informatique
099-RJ;Roux;Jeanne;RH
100-RH;Roy;Hélène;commercial
101-SJ;Schmitt;Jacques;méthodes
102-SA;Simon;Anne;RH
103-TD;Thomas;Daniel;direction
104-VS;Vidal;Suzanne;comptabilité
105-VG;Vincent;Georges;fabrication
